{
  "comuni": {
    "TORINO": "Piemonte",
    "MILANO": "Lombardia",
    "BERGAMO": "Lombardia",
    "BRESCIA": "Lombardia",
    "PAVIA": "Lombardia",
    "CREMONA": "Lombardia",
    "VENEZIA": "Veneto",
    "VERONA": "Veneto",
    "VICENZA": "Veneto",
    "ROVIGO": "Veneto",
    "UDINE": "Friuli Venezia Giulia",
    "GENOVA": "Liguria",
    "SAVONA": "Liguria",
    "BOLOGNA": "Emilia-Romagna",
    "MODENA": "Emilia-Romagna",
    "PARMA": "Emilia-Romagna",
    "FERRARA": "Emilia-Romagna",
    "RAVENNA": "Emilia-Romagna",
    "PIACENZA": "Emilia-Romagna",
    "RHO": "Lombardia",
    "NOVATE MILANESE": "Lombardia",
    "LEGNANO": "Lombardia",
    "TURBIGO": "Lombardia",
    "VILLA D ADDA": "Lombardia",
    "BRUGHERIO": "Lombardia",
    "SPINO D'ADDA": "Lombardia",
    "GORLA MINORE": "Lombardia",
    "CENTO": "Emilia-Romagna",
    "VIGNOLA": "Emilia-Romagna",
    "RAVARINO": "Emilia-Romagna",
    "RIVOLI": "Piemonte",
    "SAN SECONDO PARMENSE": "Emilia-Romagna",
    "VARAZZE": "Liguria",
    "CEVA": "Piemonte",
    "ARZIGNANO": "Veneto",
    "SONDRIO": "Lombardia",
    "MORBEGNO": "Lombardia",
    "ROMA": "Lazio",
    "COLLEFERRO": "Lazio",
    "ANZIO": "Lazio",
    "VEROLI": "Lazio",
    "CAPRANICA": "Lazio",
    "NAPOLI": "Campania",
    "BENEVENTO": "Campania",
    "AVERSA": "Campania",
    "SAN MARCELLINO": "Campania",
    "SOMMA VESUVIANA": "Campania",
    "FAICCHIO": "Campania",
    "BARI": "Puglia",
    "FOGGIA": "Puglia",
    "TARANTO": "Puglia",
    "MONOPOLI": "Puglia",
    "ACQUAVIVA DELLE FONTI": "Puglia",
    "MARGHERITA DI SAVOIA": "Puglia",
    "PALERMO": "Sicilia",
    "CATANIA": "Sicilia",
    "MESSINA": "Sicilia",
    "RAGUSA": "Sicilia",
    "SIRACUSA": "Sicilia",
    "AGRIGENTO": "Sicilia",
    "CANICATTI'": "Sicilia",
    "CALTAGIRONE": "Sicilia",
    "CARLENTINI": "Sicilia",
    "TRABIA": "Sicilia",
    "CAGLIARI": "Sardegna",
    "OLBIA": "Sardegna",
    "BUDDUSO'": "Sardegna",
    "MARACALAGONIS": "Sardegna",
    "COSENZA": "Calabria",
    "SAN MARCO ARGENTANO": "Calabria",
    "CIRO' MARINA": "Calabria",
    "MATERA": "Basilicata",
    "POTENZA": "Basilicata",
    "L'AQUILA": "Abruzzo",
    "TERAMO": "Abruzzo",
    "PESCARA": "Abruzzo",
    "LANCIANO": "Abruzzo",
    "AVEZZANO": "Abruzzo",
    "MONTESILVANO": "Abruzzo",
    "FOSSACESIA": "Abruzzo",
    "VENAFRO": "Molise",
    "CHIEVO": "Veneto",
    "BURGHERIO": "Lombardia",
    "GALATINA": "Puglia",
    "MASSA": "Toscana",
    "TERNI": "Umbria",
    "SAN GIORGIO A CREMANO": "Campania",
    "BERNALDA": "Lombardia",
    "LECCE": "Puglia",
    "TORRE ANNUNZIATA": "Calabria",
    "TERNO D'ISOLA": "Calabria",
    "MERATE": "Lombardia",
    "FROSINONE": "Lazio",
    "GENZANO DI LUCANIA": "Basilicata",
    "PADOVA": "Veneto",
    "SANTA CATERINA DA SIENA": "Toscana"
  },
  "regioni_valide": [
    "Piemonte",
    "Valle d'Aosta",
    "Lombardia",
    "Trentino-Alto Adige",
    "Veneto",
    "Friuli Venezia Giulia",
    "Liguria",
    "Emilia-Romagna",
    "Toscana",
    "Umbria",
    "Marche",
    "Lazio",
    "Abruzzo",
    "Molise",
    "Campania",
    "Puglia",
    "Basilicata",
    "Calabria",
    "Sicilia",
    "Sardegna"
  ]
}